MANCHESTER BY THE SEA,https://s3.drafthouse.com/images/made/DHR_ManchesterbytheSea_poster_396_594_81_s_c1.jpg
A FANTASTIC WOMAN,https://s3.drafthouse.com/images/made/a-fantastic-woman-dhr-poster_396_594_81_s_c1.jpg
THE GRAND BUDAPEST HOTEL,https://s3.drafthouse.com/images/made/DHR_GrandBudapestHotel_poster_396_594_81_s_c1.jpg
"THREE BILLBOARDS OUTSIDE EBBING, MISSOURI",https://s3.drafthouse.com/images/made/three-billboards-dhr-poster_396_594_81_s_c1.jpg
IT FOLLOWS,https://s3.drafthouse.com/images/made/DHR_ItFollows_poster_396_594_81_s_c1.jpg
INHERENT VICE,https://s3.drafthouse.com/images/made/DHR_InherentVice_poster_396_594_81_s_c1.jpg
HER,https://s3.drafthouse.com/images/made/DHR_HER_poster_396_594_81_s_c1.jpg
EIGHTH GRADE,https://s3.drafthouse.com/images/made/EighthGrade_Web_DigitalPoster-1080x1600_396_594_81_s_c1.jpg
BLUE RUIN,https://s3.drafthouse.com/images/made/DHR_BlueRuin_poster_396_594_81_s_c1.jpg
THE LOBSTER,https://s3.drafthouse.com/images/made/DHR_TheLobster_poster_396_594_81_s_c1.jpg
THE HANDMAIDEN,https://s3.drafthouse.com/images/made/DHR_TheHandmaiden_poster_396_594_81_s_c1.jpg
LA LA LAND,https://s3.drafthouse.com/images/made/DHR_LaLaLand_poster_396_594_81_s_c1.jpg
BEFORE MIDNIGHT,https://s3.drafthouse.com/images/made/DHR_BeforeMidnight_poster_396_594_81_s_c1.jpg
BIRDMAN,https://s3.drafthouse.com/images/made/DHR_Birdman_poster_396_594_81_s_c1.jpg
THE FAVOURITE,https://s3.drafthouse.com/images/made/favourite-the-poster-dhr_396_594_81_s_c1.jpg
HARDCORE HENRY,https://s3.drafthouse.com/images/made/DHR_HardcoreHenry_poster_396_594_81_s_c1.jpg
SPRING BREAKERS,https://s3.drafthouse.com/images/made/DHR_SpringBreakers_poster_396_594_81_s_c1.jpg
ANOMALISA,https://s3.drafthouse.com/images/made/DHR_Anomalisa_poster_396_594_81_s_c1.jpg
IT COMES AT NIGHT,https://s3.drafthouse.com/images/made/ItComesAtNightDHR_Poster_396_594_81_s_c1.jpg
SUSPIRIA (2018),https://s3.drafthouse.com/images/made/Suspiria_DHRShowpagePoster_396_594_81_s_c1.jpg
THE FLORIDA PROJECT,https://s3.drafthouse.com/images/made/florida-project-dhr-poster_396_594_81_s_c1.jpg
SWISS ARMY MAN,https://s3.drafthouse.com/images/made/DHR_SwissArmyMan_poster_396_594_81_s_c1.jpg
CAROL,https://s3.drafthouse.com/images/made/DHR_Carol_poster_396_594_81_s_c1.jpg
MIDNIGHT SPECIAL,https://s3.drafthouse.com/images/made/DHR_MidnightSpecial_poster_396_594_81_s_c1.jpg
RAW,https://s3.drafthouse.com/images/made/DHR_RAW_poster_396_594_81_s_c1.jpg
CALL ME BY YOUR NAME,https://s3.drafthouse.com/images/made/call-me-by-your-name-dhr-poster_396_594_81_s_c1.jpg
I AM NOT YOUR NEGRO,https://s3.drafthouse.com/images/made/DHR_IamNotYourNegro_poster_396_594_81_s_c1.jpg
PEACE OFFICER,https://s3.drafthouse.com/images/made/DHR_PeaceOfficer_poster_396_594_81_s_c1.jpg
SLUT IN A GOOD WAY,https://s3.drafthouse.com/images/made/slut-in-a-good-way-poster-dhr_396_594_81_s_c1.jpg
WONT YOU BE MY NEIGHBOR?,https://s3.drafthouse.com/images/made/wont-you-be-my-neighbor-dhr_396_594_81_s_c1.jpg
THE WITCH,https://s3.drafthouse.com/images/made/DHR_TheWitch_poster_396_594_81_s_c1.jpg
EX MACHINA,https://s3.drafthouse.com/images/made/DHR_ExMachina_poster_396_594_81_s_c1.jpg
GET OUT,https://s3.drafthouse.com/images/made/MV5BMjUxMDQwNjcyNl5BMl5BanBnXkFtZTgwNzcwMzc0MTI@._V1__396_594_81_s_c1.jpg
THE BIG SICK,https://s3.drafthouse.com/images/made/DHR_TheBigSick_digitalposter_396_594_81_s_c1.jpg
GREEN ROOM,https://s3.drafthouse.com/images/made/DHR_GreenRoom_poster_396_594_81_s_c1.jpg
Drafthouse Recommends: FOXCATCHER,https://s3.drafthouse.com/images/made/DHR_Foxcatcher_poster_396_594_81_s_c1.jpg
BOYHOOD,https://s3.drafthouse.com/images/made/DHR_Boyhood_poster_396_594_81_s_c1.jpg
ONLY GOD FORGIVES,https://s3.drafthouse.com/images/made/DHR_OnlyGodForgives_poster_396_594_81_s_c1.jpg
THE FAREWELL,https://s3.drafthouse.com/images/made/farewell-the-poster-dhr_396_594_81_s_c1.jpg
